GEO_ID	NOMBRE_DEL_PROYECTO	RESUMEN_DEL_PROYECTO	PUBMED_ID_DE_PUBLICACION	FECHA_DE_PUBLICACION	ORGANISMO	BIOPROJECT_ID	SRA_ID	SERIES_TYPE	SAMPLE_TYPE	SAMPLE_DESCRIPTION
GSE100007	Widespread_translational_remodeling_during_human_neuronal_differentiation	Faithful_cellular_differentiation_requires_precise_coordination_of_changes_in_gene_expression._However,_the_relative_contributions_of_transcriptional_and_translational_regulation_during_human_cellular_differentiation_are_unclear._Here,_we_induced_forebrain_neuronal_differentiation_of_human_embryonic_stem_cells_(hESCs)_and_characterized_genome-wide_RNA_and_translation_levels_during_neurogenesis._We_find_that_thousands_of_genes_change_at_the_translation_level_across_differentiation_without_a_corresponding_change_in_RNA_level._Specifically,_we_identify_mTOR_complex_1_signaling_as_a_key_driver_for_elevated_translation_of_translation-related_genes_in_hESCs._In_contrast,_translational_repression_in_active_neurons_is_mediated_by_transcript_3′_UTRs,_through_regulatory_sequences._Together,_our_findings_identify_a_functional_role_for_the_dramatic_3′_UTR_extensions_that_occur_during_brain_development,_and_provide_insights_to_interpret_genetic_variants_in_post-transcriptional_control_factors_that_influence_neurodevelopmental_disorders_and_diseases._		Public_on_Jun_26_2017	Homo_sapiens	PRJNA390315	SRP109126	Expression_profiling_by_high_throughput_sequencing,Other	SRA	processed data file: tripseq_gene_tpms.tsv,processed data file: tripseq_transcript_tpms.tsv,Read 1 adapter: AGATCGGAAGAGCACACGTCTGAACTCCAGTCAC,Read 2 adapter: AGATCGGAAGAGCGTCGTGTAGGGAAAGAGTGT,rRNA-depleted
GSE100011	Ectopic_application_of_the_repressive_histone_modification_H3K9me2_establishes_postzygotic_reproductive_isolation_in_Arabidopsis_thaliana	Hybrid_seed_lethality_as_a_consequence_of_interspecies_or_interploidy_hybridizations_is_a_major_mechanism_of_reproductive_isolation_in_plants._This_mechanism_is_manifested_in_the_endosperm,_a_dosage_sensitive_tissue_supporting_embryo_growth._Deregulated_expression_of_imprinted_genes_like_ADMETOS_(ADM)_underpin_the_interploidy_hybridization_barrier_in_Arabidopsis_thaliana,_however,_the_mechanisms_of_their_action_remained_unknown._In_this_study_we_show_that_ADM_interacts_with_the_AT-hook_domain_protein_AHL10_and_the_SET_domain-containing_SU(VAR)3-9_homolog_SUVH9_and_ectopically_recruits_the_heterochromatic_mark_H3K9me2_to_AT-rich_transposable_elements_(TEs),_causing_deregulated_expression_of_neighboring_genes._Several_hybrid_incompatibility_genes_identified_in_Drosophila_encode_for_heterochromatin-interacting_proteins,_which_has_led_to_the_suggestion_that_hybrid_incompatibilities_evolve_as_consequence_of_interspecies_divergence_of_selfish_DNA_elements_and_their_regulation._Our_data_showing_that_imbalance_of_dosage-sensitive_chromatin_regulators_underpins_hybrid_incompatibility_in_Arabidopsis_strongly_support_this_view,_demonstrating_that_reproductive_isolation_as_a_consequence_of_epigenetic_regulation_of_TEs_is_a_conserved_feature_in_animals_and_plants.	28743695	Public_on_Jul_28_2017	Arabidopsis_thaliana	PRJNA390438	SRP109140	Genome_binding/occupancy_profiling_by_high_throughput_sequencing,Methylation_profiling_by_high_throughput_sequencing	SRA	Arabidopsis thaliana F1-endosperm of Columbia-0
GSE100016	The_first_large-scale_sequencing_of_M._javanica_transcriptomes_from_salivary_glands,_liver_and_small_intestine_by_using_Illumina_HiSeq_technology	The_Malayan_pangolin_(Manis_javanica),_an_unusual_mammal_that_is_a_scale-covered,_toothless_specialist_myrmecophage,_is_maintained_primarily_through_captive_breeding_in_China._Maintaining_this_species_in_captivity_is_a_significant_challenge_partly_because_little_is_known_about_its_behavior_and_reproduction._The_molecular_mechanisms_of_its_digestive_system_play_a_key_role_in_the_feeding_and_dietary_husbandry_of_pangolins_in_captivity._Here,_we_performed_the_first_large-scale_sequencing_of_M._javanica_transcriptomes_from_three_digestive_organs—the_salivary_glands,_liver,_and_small_intestine—by_using_Illumina_HiSeq_technology-_to_provides_useful_genetic_resources_for_future_functional_work_that_may_be_relevant_for_the_maintenance_of_captive_pangolins.		Public_on_Jun_15_2017	Manis_javanica		SRP101596	Expression_profiling_by_high_throughput_sequencing	SRA	
GSE100018	CLIP-seq_analysis_of_NC-RNA_interactions_in_wild-type_and_eccentric_particles	Nucleocapsid_(NC)_CLIP-seq_experiments_were_conducted_on_wild-type_and_eccentric_HIV-1_virions_generated_in_the_presence_of_allosteric_integrase_inhibitor,_BI-B2.	28615207	Public_on_Jun_15_2017	Human_immunodeficiency_virus_1	PRJNA390491	SRP109162	Other	SRA	CLIP-seq with NC
GSE100019	Loss-of-function_mutations_TDRD7_lead_to_a_rare_novel_syndrome_combining_congenital_cataract_and_non-obstructive_azoospermia_in_humans	Purpose:_Comorbid_familial_non-obstructive_azoospermia_(NOA)_and_congenital_cataract_(CC)_has_not_been_reported_previously,_and_no_single_human_gene_has_been_associated_with_both_diseases_in_humans._Our_purpose_is_to_uncover_novel_human_mutations_and_genes_causing_familial_NOA_and_CC.__Methods:_We_performed_whole-exome_sequencing_for_two_brothers_with_both_NOA_and_CC_from_a_consanguineous_family.The_proband_was_also_carried_out_SNP_array_analysis._Mutation_screening_of_TDRD7_was_performed_in_another_similar_consanguineous_family_and_176_patients_with_azoospermia_or_CC_alone_and_520_healthy_controls._Histological_analysis_was_performed_for_the_biopsied_testicle_sample_in_one_patient,_and_knockout_mice_were_constructed_to_verify_the_phenotype_of_the_mutation_in_TDRD7.___Results:_Two_novel_loss-of-function_mutations_(c.324_325insA_(T110Nfs*30)_and_(c.688-689insA_(p.Y230X),_respectively)_of_TDRD7_were_found_in_the_affected_patients_from_the_two_unrelated_consanguineous_families._Histological_analysis_demonstrated_a_lack_of_mature_sperm_in_the_male_patient’s_seminiferous_tubules._The_mutations_were_not_detected_in_patients_with_CC_or_NOA_alone._Mice_with_Tdrd7_gene_disrupted_at_a_similar_position_precisely_replicated_the_human_syndrome.___Conclusions:_We_identified_TDRD7_causing_CC_as_a_new_pathogenic_gene_for_male_azoospermia_in_human,_with_an_autosomal_recessive_mode_of_inheritance.		Public_on_Jun_15_2017	Homo_sapiens	PRJNA390493		Genome_variation_profiling_by_SNP_array	genomic	Hybridized to cyto 750K
GSE100020	Three-dimensional_tumor_cell_growth_stimulates_autophagic_flux_and_recapitulates_chemotherapy_resistance	Current_preclinical_models_in_tumor_biology_are_limited_in_their_ability_to_recapitulate_relevant_(patho-)_physiological_processes,_including_autophagy._Three-dimensional_(3D)_growth_cultures_have_frequently_been_proposed_to_overcome_the_lack_of_correlation_between_two-dimensional_(2D)_monolayer_cell_cultures_and_human_tumors_in_preclinical_drug_testing._Besides_3D_growth,_it_is_also_advantageous_to_simulate_shear_stress,_compound_flux_and_removal_of_metabolites,_e.g._via_bioreactor_systems,_through_which_culture_medium_is_constantly_pumped_at_a_flow_rate_reflecting_physiological_conditions._Here,_we_show_that_both_Staticic_3D_growth_and_3D_growth_within_a_bioreactor_system_modulate_key_hallmarks_of_cancer_cells,_including_proliferation_and_cell_death_as_well_as_macroautophagy,_a_recycling_pathway_often_activated_by_highly_proliferative_tumors_to_cope_with_metabolic_stress._The_autophagy-related_gene_expression_profiles_of_2D-_and_3D-grown_cells_are_substantially_different,_with_the_3D-grown_cells_exhibiting_an_expression_profile_closely_resembling_the_(patho-)_physiological_Statice_of_a_tumor._Underscoring_the_importance_of_this_pathway,_autophagy-controlling_transcription_factors,_such_as_TFEB_and_FOXO3,_are_upregulated_in_tumors,_and_3D-grown_cells_have_increased_expression_compared_with_cells_grown_in_2D_conditions._Three-dimensional_cultures_depleted_of_the_autophagy_mediators_BECN1,_ATG5_or_ATG7_or_the_transcription_factor_FOXO3,_are_more_sensitive_to_cytotoxic_treatment._Accordingly,_combining_cytotoxic_treatment_with_compounds_affecting_late_autophagic_flux,_such_as_chloroquine,_renders_the_3D-grown_cells_more_susceptible_to_therapy_and_increases_intracellular_doxorubicin_concentration_to_the_level_of_2D-grown_cells._Altogether,_3D_cultures_are_a_valuable_tool_to_study_drug_response_of_tumor_cells,_as_these_models_recapitulate_(patho-)_physiologically_relevant_pathways,_such_as_autophagy.	28837150	Public_on_Jul_04_2017	Homo_sapiens	PRJNA390494		Expression_profiling_by_array	RNA	2D_A,5617835023_A_Grn.idat
GSE100021	IGF-1_gene_therapy_in_aging_rats_modulates_hippocampal_genes_relevant_to_memory_function	In_rats,_learning_and_memory_performance_decline_during_normal_aging,_which_makes_this_rodent_species_a_suitable_model_to_evaluate_therapeutic_strategies._In_aging_rats,_insulin-like_growth_factor-I_(IGF-I),_is_known_to_significantly_improve_spatial_memory_accuracy_as_compared_to_control_counterparts._A_constellation_of_gene_expression_changes_underlie_the_hippocampal_phenotype_of_aging_but_no_studies_on_the_effects_of_IGF-I_on_the_hippocampal_transcriptome_of_old_rodents_have_been_documented._Here,_we_assessed_the_effects_of_IGF-I_gene_therapy_on_spatial_memory_performance_in_old_female_rats_and_compared_them_with_changes_in_the_hippocampal_transcriptome.	28645186	Public_on_Jun_17_2017	Rattus_norvegicus	PRJNA390522	SRP109181	Expression_profiling_by_high_throughput_sequencing	SRA	IGF1_16,Rat intracerebroventricularly injected with an adenovector expressing rat IGF-I
GSE100023	ERa_DNA_Binding_Profiles_of_IGF1_and_ICI182,780_treated_mouse_uterus_from_manuscript:_Role_of_ERα_in_Mediating_Female_Uterine_Transcriptional_Responses_to_IGF1	Estrogen_(E2)_signaling_through_its_nuclear_receptor,_estrogen_receptor_α_(ERα)_increases_insulin-like_growth_factor_1_(IGF1)_in_the_rodent_uterus,_which_then_initiates_further_signals_via_the_IGF1_receptor_(IGF1R)._Directly_administering_IGF1_results_in_similar_biological_and_transcriptional_uterine_responses._Our_studies_using_global_ERα-null_mice_demonstrated_a_loss_of_uterine_biological_responses_of_the_uterus_to_E2_or_IGF1_treatment,_while_maintaining_transcriptional_responses_to_IGF1._To_address_this_discrepancy_in_the_need_for_uterine_ERα_in_mediating_the_IGF1_transcriptional_vs._growth_responses,_we_assessed_the_IGF1_transcriptional_responses_in_PgrCre+Esr1f/f_(called_ERαUtcKO)_mice,_which_selectively_lack_ERα_in_progesterone_receptor_(PGR)_expressing_cells,_including_all_uterine_cells,_while_maintaining_ERα_expression_in_other_tissues_and_cells_that_do_not_express_Pgr._Additionally,_we_profiled_IGF1-induced_ERα_binding_sites_in_uterine_chromatin_using_ChIP-seq._Herein,_we_explore_the_transcriptional_and_molecular_signaling_that_underlies_our_findings_to_refine_our_understanding_of_uterine_IGF1_signaling_and_identify_ERα-mediated_and_ERα-independent_uterine_transcriptional_responses._Defining_these_mechanisms_in_vivo_in_whole_tissue_and_animal_contexts_provides_details_of_nuclear_receptor_mediated_mechanisms_that_impact_biological_systems_and_have_potential_applicability_to_reproductive_processes_of_humans,_livestock_and_wildlife.	28586424	Public_on_Jun_14_2017	Mus_musculus	PRJNA390517	SRP109176	Genome_binding/occupancy_profiling_by_high_throughput_sequencing	SRA	
GSE100027	Hit-and-run_epigenetic_editing_prevents_senescence_entry_in_primary_breast_cells_from_healthy_donors_[RNA-seq]	Aberrant_promoter_DNA_hypermethylation_is_a_hallmark_of_cancer;_however,_whether_this_is_sufficient_to_drive_cellular_transformation_in_the_absence_of_genetic_mutations_is_not_clear._To_investigate_this_question,_we_use_a_CRISPR/dCas9_based_epigenetic_editing_tool,_where_an_inactive_form_of_Cas9_is_fused_to_DNMT3A_and_its_regulator_DNMT3L._Using_this_system,_we_show_simultaneous_de_novo_DNA_methylation_of_genes_commonly_methylated_in_cancer,_CDKN2A,_RASSF1,_HIC1_and_PTEN_in_primary_myoepithelial_cells_isolated_from_healthy_human_breast_tissue._We_find_that_promoter_methylation_is_maintained_in_this_system,_even_in_the_absence_of_the_fusion_construct_and_results_in_sustained_repression_of_CDKN2A_and_RASSF1_transcripts_which_prevents_cells_from_entering_senescence._The_phenotype_is_associated_with_retuned_expression_of_a_subset_of_genes_to_levels_in_early_passage_cells;_however,_the_outgrowing_myoepithelial_cells_are_not_immortal_but_proliferate_for_18-20_population_doublings_before_cell_cycle_arrest._Finally,_we_show_that_the_key_driver_of_this_phenotype_is_repression_of_CDKN2A_transcript_p16,_but_prolonged_proliferation_is_enhanced_by_combined_hypermethylation_and_repression_of_both_CDKN2A_transcripts_p16_and_p14._This_work_demonstrates_that_hit-and-run_epigenetic_events_can_prevent_senescence_entry,_a_potential_first_step_in_the_disease_process.		Public_on_Aug_07_2017	Homo_sapiens	PRJNA390528	SRP109188	Expression_profiling_by_high_throughput_sequencing	SRA	RNA-seq_primary_myoepithelial_cells_3A3L_delta_untransfected_raw_reads.txt
GSE100038	Population_structure_and_ancestry_of_Qinchuan_cattle_by_GeneSeek_HD_Bovine_77k_Genotyping_BeadChip	GeneSeek_HD_Bovine_77k_Genotyping_array_is_used_to_estimate_population_structure_and_ancestry_of_bovine_and_evaluate_loci_responsible_for_complex_traits._Further,_copy_number_variation_of_bovine_can_be_estimated_by_GeneSeek_HD_Bovine_77k_Genotyping_array._Here,_we_estimate_population_structure_and_ancestry_of_Qinchuan_cattle.		Public_on_Jun_15_2017	Bos_taurus	PRJNA390539		Genome_variation_profiling_by_array,Genome_variation_profiling_by_genome_tiling_array	genomic	Genomic DNA extracted from Longissimus dorsi muscle tissue was genotyped using illumina GeneSeek HD Bovine 77k Genotyping BeadChips (Illumina).
